timestamp,SettlementPoint,SettlementPointPrice
2025-12-02 01:00:00,LZ_WEST,122.24
2025-12-02 01:00:00,LZ_SOUTH,91.34
2025-12-02 01:00:00,LZ_NORTH,97.93
2025-12-02 01:00:00,LZ_HOUSTON,62.34
2025-12-02 01:00:00,HB_HOUSTON,64.3
2025-12-02 01:00:00,HB_SOUTH,104.34
2025-12-02 01:00:00,HB_WEST,113.46
2025-12-02 01:00:00,HB_NORTH,97.05
2025-12-02 02:00:00,HB_NORTH,97.87
2025-12-02 02:00:00,HB_SOUTH,105.54
2025-12-02 02:00:00,HB_WEST,113.78
2025-12-02 02:00:00,LZ_HOUSTON,60.0
2025-12-02 02:00:00,LZ_NORTH,98.7
2025-12-02 02:00:00,LZ_SOUTH,89.73
2025-12-02 02:00:00,LZ_WEST,122.84
2025-12-02 02:00:00,HB_HOUSTON,62.26
2025-12-02 03:00:00,LZ_WEST,112.41
2025-12-02 03:00:00,LZ_SOUTH,80.26
2025-12-02 03:00:00,LZ_NORTH,89.63
2025-12-02 03:00:00,HB_SOUTH,93.68
2025-12-02 03:00:00,HB_WEST,103.46
2025-12-02 03:00:00,HB_HOUSTON,59.63
2025-12-02 03:00:00,LZ_HOUSTON,57.68
2025-12-02 03:00:00,HB_NORTH,89.09
2025-12-02 04:00:00,LZ_SOUTH,78.09
2025-12-02 04:00:00,LZ_WEST,114.3
2025-12-02 04:00:00,LZ_NORTH,89.47
2025-12-02 04:00:00,HB_WEST,104.44
2025-12-02 04:00:00,HB_SOUTH,93.93
2025-12-02 04:00:00,HB_NORTH,88.93
2025-12-02 04:00:00,LZ_HOUSTON,53.83
2025-12-02 04:00:00,HB_HOUSTON,56.07
2025-12-02 05:00:00,HB_HOUSTON,64.72
2025-12-02 05:00:00,HB_NORTH,106.12
2025-12-02 05:00:00,HB_SOUTH,116.78
2025-12-02 05:00:00,HB_WEST,124.86
2025-12-02 05:00:00,LZ_HOUSTON,61.86
2025-12-02 05:00:00,LZ_NORTH,106.75
2025-12-02 05:00:00,LZ_SOUTH,98.49
2025-12-02 05:00:00,LZ_WEST,137.62
2025-12-02 06:00:00,LZ_WEST,154.81
2025-12-02 06:00:00,LZ_SOUTH,113.21
2025-12-02 06:00:00,LZ_NORTH,127.47
2025-12-02 06:00:00,HB_HOUSTON,83.18
2025-12-02 06:00:00,HB_WEST,143.34
2025-12-02 06:00:00,HB_SOUTH,140.51
2025-12-02 06:00:00,HB_NORTH,126.74
2025-12-02 06:00:00,LZ_HOUSTON,80.27
2025-12-02 07:00:00,LZ_WEST,192.29
2025-12-02 07:00:00,LZ_SOUTH,153.8
2025-12-02 07:00:00,LZ_NORTH,159.19
2025-12-02 07:00:00,HB_WEST,176.61
2025-12-02 07:00:00,HB_SOUTH,184.19
2025-12-02 07:00:00,HB_HOUSTON,94.36
2025-12-02 07:00:00,LZ_HOUSTON,90.42
2025-12-02 07:00:00,HB_NORTH,155.85
2025-12-02 08:00:00,HB_SOUTH,149.86
2025-12-02 08:00:00,HB_NORTH,129.13
2025-12-02 08:00:00,LZ_WEST,169.83
2025-12-02 08:00:00,LZ_SOUTH,124.24
2025-12-02 08:00:00,HB_HOUSTON,83.13
2025-12-02 08:00:00,LZ_HOUSTON,80.33
2025-12-02 08:00:00,HB_WEST,150.14
2025-12-02 08:00:00,LZ_NORTH,134.02
2025-12-02 09:00:00,HB_HOUSTON,50.71
2025-12-02 09:00:00,HB_NORTH,55.16
2025-12-02 09:00:00,HB_WEST,69.65
2025-12-02 09:00:00,LZ_HOUSTON,50.59
2025-12-02 09:00:00,LZ_NORTH,60.7
2025-12-02 09:00:00,LZ_SOUTH,89.73
2025-12-02 09:00:00,LZ_WEST,80.93
2025-12-02 09:00:00,HB_SOUTH,98.24
2025-12-02 10:00:00,LZ_WEST,42.49
2025-12-02 10:00:00,LZ_SOUTH,45.23
2025-12-02 10:00:00,LZ_NORTH,36.02
2025-12-02 10:00:00,HB_SOUTH,45.0
2025-12-02 10:00:00,LZ_HOUSTON,36.22
2025-12-02 10:00:00,HB_WEST,37.72
2025-12-02 10:00:00,HB_HOUSTON,35.98
2025-12-02 10:00:00,HB_NORTH,33.34
2025-12-02 11:00:00,HB_HOUSTON,31.18
2025-12-02 11:00:00,LZ_WEST,37.84
2025-12-02 11:00:00,LZ_NORTH,33.09
2025-12-02 11:00:00,LZ_SOUTH,39.93
2025-12-02 11:00:00,HB_WEST,34.1
2025-12-02 11:00:00,HB_SOUTH,38.58
2025-12-02 11:00:00,HB_NORTH,31.25
2025-12-02 11:00:00,LZ_HOUSTON,31.39
2025-12-02 12:00:00,HB_NORTH,25.0
2025-12-02 12:00:00,HB_SOUTH,34.86
2025-12-02 12:00:00,HB_WEST,26.85
2025-12-02 12:00:00,LZ_HOUSTON,27.35
2025-12-02 12:00:00,LZ_SOUTH,35.8
2025-12-02 12:00:00,LZ_NORTH,27.07
2025-12-02 12:00:00,HB_HOUSTON,26.98
2025-12-02 12:00:00,LZ_WEST,28.76
2025-12-02 13:00:00,HB_NORTH,19.25
2025-12-02 13:00:00,HB_HOUSTON,23.65
2025-12-02 13:00:00,LZ_WEST,20.22
2025-12-02 13:00:00,LZ_SOUTH,33.7
2025-12-02 13:00:00,HB_WEST,18.74
2025-12-02 13:00:00,LZ_HOUSTON,24.13
2025-12-02 13:00:00,LZ_NORTH,20.72
2025-12-02 13:00:00,HB_SOUTH,33.65
2025-12-02 14:00:00,HB_SOUTH,30.22
2025-12-02 14:00:00,HB_WEST,9.87
2025-12-02 14:00:00,LZ_HOUSTON,19.09
2025-12-02 14:00:00,LZ_NORTH,13.3
2025-12-02 14:00:00,LZ_SOUTH,29.96
2025-12-02 14:00:00,LZ_WEST,11.57
2025-12-02 14:00:00,HB_NORTH,12.4
2025-12-02 14:00:00,HB_HOUSTON,18.54
2025-12-02 15:00:00,LZ_WEST,6.29
2025-12-02 15:00:00,LZ_SOUTH,27.33
2025-12-02 15:00:00,LZ_NORTH,8.49
2025-12-02 15:00:00,HB_WEST,4.56
2025-12-02 15:00:00,HB_SOUTH,27.61
2025-12-02 15:00:00,HB_NORTH,8.0
2025-12-02 15:00:00,HB_HOUSTON,15.14
2025-12-02 15:00:00,LZ_HOUSTON,15.73
2025-12-02 16:00:00,LZ_SOUTH,27.77
2025-12-02 16:00:00,LZ_WEST,5.26
2025-12-02 16:00:00,LZ_NORTH,8.31
2025-12-02 16:00:00,HB_SOUTH,28.0
2025-12-02 16:00:00,HB_WEST,3.14
2025-12-02 16:00:00,HB_HOUSTON,15.19
2025-12-02 16:00:00,LZ_HOUSTON,15.79
2025-12-02 16:00:00,HB_NORTH,8.0
2025-12-02 17:00:00,HB_HOUSTON,30.54
2025-12-02 17:00:00,HB_NORTH,23.39
2025-12-02 17:00:00,HB_SOUTH,43.41
2025-12-02 17:00:00,HB_WEST,14.8
2025-12-02 17:00:00,LZ_HOUSTON,31.14
2025-12-02 17:00:00,LZ_NORTH,23.26
2025-12-02 17:00:00,LZ_SOUTH,44.03
2025-12-02 17:00:00,LZ_WEST,18.21
2025-12-02 18:00:00,LZ_SOUTH,61.91
2025-12-02 18:00:00,LZ_WEST,45.47
2025-12-02 18:00:00,LZ_NORTH,34.22
2025-12-02 18:00:00,HB_WEST,34.64
2025-12-02 18:00:00,HB_SOUTH,59.49
2025-12-02 18:00:00,HB_NORTH,34.69
2025-12-02 18:00:00,HB_HOUSTON,44.2
2025-12-02 18:00:00,LZ_HOUSTON,44.89
2025-12-02 19:00:00,LZ_WEST,46.8
2025-12-02 19:00:00,LZ_SOUTH,68.63
2025-12-02 19:00:00,LZ_NORTH,36.08
2025-12-02 19:00:00,HB_HOUSTON,46.86
2025-12-02 19:00:00,HB_WEST,33.38
2025-12-02 19:00:00,HB_SOUTH,65.83
2025-12-02 19:00:00,LZ_HOUSTON,47.72
2025-12-02 19:00:00,HB_NORTH,36.99
2025-12-02 20:00:00,HB_HOUSTON,45.19
2025-12-02 20:00:00,HB_NORTH,35.12
2025-12-02 20:00:00,HB_SOUTH,66.04
2025-12-02 20:00:00,HB_WEST,24.22
2025-12-02 20:00:00,LZ_HOUSTON,46.15
2025-12-02 20:00:00,LZ_NORTH,33.48
2025-12-02 20:00:00,LZ_SOUTH,69.6
2025-12-02 20:00:00,LZ_WEST,41.43
2025-12-02 21:00:00,LZ_SOUTH,59.15
2025-12-02 21:00:00,LZ_NORTH,28.94
2025-12-02 21:00:00,LZ_WEST,31.72
2025-12-02 21:00:00,HB_SOUTH,56.64
2025-12-02 21:00:00,LZ_HOUSTON,40.39
2025-12-02 21:00:00,HB_WEST,14.01
2025-12-02 21:00:00,HB_HOUSTON,39.6
2025-12-02 21:00:00,HB_NORTH,31.3
2025-12-02 22:00:00,HB_HOUSTON,36.18
2025-12-02 22:00:00,LZ_SOUTH,51.23
2025-12-02 22:00:00,LZ_NORTH,26.88
2025-12-02 22:00:00,LZ_WEST,29.72
2025-12-02 22:00:00,HB_WEST,10.1
2025-12-02 22:00:00,HB_SOUTH,50.16
2025-12-02 22:00:00,HB_NORTH,29.33
2025-12-02 22:00:00,LZ_HOUSTON,36.86
2025-12-02 23:00:00,HB_NORTH,29.01
2025-12-02 23:00:00,HB_SOUTH,40.77
2025-12-02 23:00:00,HB_WEST,10.14
2025-12-02 23:00:00,LZ_HOUSTON,32.37
2025-12-02 23:00:00,LZ_NORTH,26.02
2025-12-02 23:00:00,LZ_SOUTH,41.75
2025-12-02 23:00:00,LZ_WEST,28.56
2025-12-02 23:00:00,HB_HOUSTON,31.94
2025-12-03 00:00:00,LZ_WEST,25.63
2025-12-03 00:00:00,HB_NORTH,26.05
2025-12-03 00:00:00,HB_SOUTH,37.26
2025-12-03 00:00:00,HB_WEST,7.78
2025-12-03 00:00:00,LZ_HOUSTON,29.61
2025-12-03 00:00:00,LZ_NORTH,23.02
2025-12-03 00:00:00,HB_HOUSTON,29.22
2025-12-03 00:00:00,LZ_SOUTH,37.6
2025-12-03 01:00:00,HB_HOUSTON,28.62
2025-12-03 01:00:00,HB_NORTH,24.94
2025-12-03 01:00:00,HB_SOUTH,42.84
2025-12-03 01:00:00,HB_WEST,6.94
2025-12-03 01:00:00,LZ_HOUSTON,29.18
2025-12-03 01:00:00,LZ_NORTH,22.05
2025-12-03 01:00:00,LZ_SOUTH,43.1
2025-12-03 01:00:00,LZ_WEST,26.88
2025-12-03 02:00:00,HB_NORTH,23.75
2025-12-03 02:00:00,HB_HOUSTON,25.89
2025-12-03 02:00:00,HB_SOUTH,38.65
2025-12-03 02:00:00,HB_WEST,5.63
2025-12-03 02:00:00,LZ_HOUSTON,26.35
2025-12-03 02:00:00,LZ_NORTH,20.87
2025-12-03 02:00:00,LZ_SOUTH,39.23
2025-12-03 02:00:00,LZ_WEST,24.41
2025-12-03 03:00:00,LZ_WEST,28.61
2025-12-03 03:00:00,LZ_NORTH,21.79
2025-12-03 03:00:00,LZ_SOUTH,41.98
2025-12-03 03:00:00,LZ_HOUSTON,28.54
2025-12-03 03:00:00,HB_WEST,9.91
2025-12-03 03:00:00,HB_SOUTH,41.6
2025-12-03 03:00:00,HB_NORTH,24.54
2025-12-03 03:00:00,HB_HOUSTON,28.03
2025-12-03 04:00:00,LZ_WEST,30.74
2025-12-03 04:00:00,LZ_SOUTH,40.99
2025-12-03 04:00:00,LZ_HOUSTON,29.33
2025-12-03 04:00:00,HB_WEST,11.64
2025-12-03 04:00:00,LZ_NORTH,24.13
2025-12-03 04:00:00,HB_NORTH,26.56
2025-12-03 04:00:00,HB_HOUSTON,28.94
2025-12-03 04:00:00,HB_SOUTH,40.53
2025-12-03 05:00:00,LZ_SOUTH,43.95
2025-12-03 05:00:00,HB_HOUSTON,29.47
2025-12-03 05:00:00,HB_NORTH,27.31
2025-12-03 05:00:00,HB_SOUTH,43.03
2025-12-03 05:00:00,HB_WEST,12.89
2025-12-03 05:00:00,LZ_HOUSTON,29.9
2025-12-03 05:00:00,LZ_NORTH,24.6
2025-12-03 05:00:00,LZ_WEST,32.4
2025-12-03 06:00:00,LZ_WEST,41.42
2025-12-03 06:00:00,LZ_NORTH,33.54
2025-12-03 06:00:00,LZ_SOUTH,58.8
2025-12-03 06:00:00,LZ_HOUSTON,38.48
2025-12-03 06:00:00,HB_WEST,23.45
2025-12-03 06:00:00,HB_SOUTH,55.98
2025-12-03 06:00:00,HB_NORTH,36.0
2025-12-03 06:00:00,HB_HOUSTON,38.02
2025-12-03 07:00:00,LZ_SOUTH,73.06
2025-12-03 07:00:00,LZ_NORTH,43.71
2025-12-03 07:00:00,LZ_HOUSTON,48.5
2025-12-03 07:00:00,HB_WEST,37.22
2025-12-03 07:00:00,LZ_WEST,51.28
2025-12-03 07:00:00,HB_NORTH,45.07
2025-12-03 07:00:00,HB_HOUSTON,48.0
2025-12-03 07:00:00,HB_SOUTH,69.71
2025-12-03 08:00:00,HB_HOUSTON,47.21
2025-12-03 08:00:00,HB_NORTH,42.5
2025-12-03 08:00:00,HB_SOUTH,70.09
2025-12-03 08:00:00,HB_WEST,41.22
2025-12-03 08:00:00,LZ_HOUSTON,47.79
2025-12-03 08:00:00,LZ_NORTH,42.4
2025-12-03 08:00:00,LZ_SOUTH,72.28
2025-12-03 08:00:00,LZ_WEST,51.94
2025-12-03 09:00:00,LZ_WEST,33.62
2025-12-03 09:00:00,LZ_NORTH,28.81
2025-12-03 09:00:00,LZ_SOUTH,55.56
2025-12-03 09:00:00,LZ_HOUSTON,35.86
2025-12-03 09:00:00,HB_NORTH,28.58
2025-12-03 09:00:00,HB_SOUTH,53.2
2025-12-03 09:00:00,HB_HOUSTON,35.18
2025-12-03 09:00:00,HB_WEST,27.23
2025-12-03 10:00:00,LZ_WEST,27.31
2025-12-03 10:00:00,LZ_SOUTH,43.04
2025-12-03 10:00:00,LZ_HOUSTON,30.8
2025-12-03 10:00:00,HB_WEST,24.73
2025-12-03 10:00:00,LZ_NORTH,25.5
2025-12-03 10:00:00,HB_NORTH,24.98
2025-12-03 10:00:00,HB_HOUSTON,30.31
2025-12-03 10:00:00,HB_SOUTH,41.85
2025-12-03 11:00:00,LZ_SOUTH,43.27
2025-12-03 11:00:00,HB_HOUSTON,27.87
2025-12-03 11:00:00,HB_NORTH,22.41
2025-12-03 11:00:00,HB_SOUTH,42.1
2025-12-03 11:00:00,HB_WEST,23.52
2025-12-03 11:00:00,LZ_HOUSTON,28.41
2025-12-03 11:00:00,LZ_NORTH,23.39
2025-12-03 11:00:00,LZ_WEST,25.84
2025-12-03 12:00:00,LZ_WEST,26.33
2025-12-03 12:00:00,LZ_SOUTH,41.69
2025-12-03 12:00:00,LZ_NORTH,24.63
2025-12-03 12:00:00,HB_WEST,24.9
2025-12-03 12:00:00,LZ_HOUSTON,28.75
2025-12-03 12:00:00,HB_SOUTH,40.0
2025-12-03 12:00:00,HB_NORTH,23.94
2025-12-03 12:00:00,HB_HOUSTON,28.31
2025-12-03 13:00:00,LZ_WEST,26.88
2025-12-03 13:00:00,LZ_NORTH,25.07
2025-12-03 13:00:00,LZ_HOUSTON,28.66
2025-12-03 13:00:00,HB_WEST,25.55
2025-12-03 13:00:00,LZ_SOUTH,39.18
2025-12-03 13:00:00,HB_NORTH,24.43
2025-12-03 13:00:00,HB_HOUSTON,28.24
2025-12-03 13:00:00,HB_SOUTH,38.53
2025-12-03 14:00:00,HB_HOUSTON,27.61
2025-12-03 14:00:00,HB_NORTH,25.0
2025-12-03 14:00:00,HB_SOUTH,37.23
2025-12-03 14:00:00,HB_WEST,26.2
2025-12-03 14:00:00,LZ_HOUSTON,27.89
2025-12-03 14:00:00,LZ_NORTH,25.4
2025-12-03 14:00:00,LZ_WEST,27.53
2025-12-03 14:00:00,LZ_SOUTH,38.22
2025-12-03 15:00:00,LZ_SOUTH,37.45
2025-12-03 15:00:00,HB_WEST,25.93
2025-12-03 15:00:00,LZ_WEST,27.45
2025-12-03 15:00:00,LZ_NORTH,25.14
2025-12-03 15:00:00,LZ_HOUSTON,28.2
2025-12-03 15:00:00,HB_SOUTH,36.58
2025-12-03 15:00:00,HB_HOUSTON,27.92
2025-12-03 15:00:00,HB_NORTH,24.9
2025-12-03 16:00:00,HB_HOUSTON,30.65
2025-12-03 16:00:00,HB_NORTH,29.1
2025-12-03 16:00:00,HB_SOUTH,38.87
2025-12-03 16:00:00,HB_WEST,30.71
2025-12-03 16:00:00,LZ_HOUSTON,30.83
2025-12-03 16:00:00,LZ_NORTH,29.22
2025-12-03 16:00:00,LZ_SOUTH,39.64
2025-12-03 16:00:00,LZ_WEST,32.85
2025-12-03 17:00:00,LZ_HOUSTON,40.53
2025-12-03 17:00:00,LZ_NORTH,41.11
2025-12-03 17:00:00,LZ_WEST,51.32
2025-12-03 17:00:00,HB_WEST,45.46
2025-12-03 17:00:00,LZ_SOUTH,53.03
2025-12-03 17:00:00,HB_NORTH,40.96
2025-12-03 17:00:00,HB_HOUSTON,40.47
2025-12-03 17:00:00,HB_SOUTH,51.92
2025-12-03 18:00:00,LZ_SOUTH,58.4
2025-12-03 18:00:00,LZ_NORTH,45.08
2025-12-03 18:00:00,LZ_WEST,64.86
2025-12-03 18:00:00,LZ_HOUSTON,45.17
2025-12-03 18:00:00,HB_WEST,53.86
2025-12-03 18:00:00,HB_NORTH,44.94
2025-12-03 18:00:00,HB_HOUSTON,45.09
2025-12-03 18:00:00,HB_SOUTH,57.26
2025-12-03 19:00:00,HB_HOUSTON,45.07
2025-12-03 19:00:00,HB_NORTH,41.86
2025-12-03 19:00:00,HB_SOUTH,57.41
2025-12-03 19:00:00,HB_WEST,50.91
2025-12-03 19:00:00,LZ_HOUSTON,45.3
2025-12-03 19:00:00,LZ_NORTH,41.92
2025-12-03 19:00:00,LZ_SOUTH,57.41
2025-12-03 19:00:00,LZ_WEST,67.94
2025-12-03 20:00:00,LZ_WEST,62.31
2025-12-03 20:00:00,LZ_NORTH,34.44
2025-12-03 20:00:00,LZ_HOUSTON,41.45
2025-12-03 20:00:00,HB_WEST,41.15
2025-12-03 20:00:00,LZ_SOUTH,56.34
2025-12-03 20:00:00,HB_NORTH,34.53
2025-12-03 20:00:00,HB_HOUSTON,41.0
2025-12-03 20:00:00,HB_SOUTH,56.41
2025-12-03 21:00:00,LZ_WEST,53.7
2025-12-03 21:00:00,LZ_NORTH,30.62
2025-12-03 21:00:00,LZ_HOUSTON,37.58
2025-12-03 21:00:00,HB_WEST,31.45
2025-12-03 21:00:00,LZ_SOUTH,49.64
2025-12-03 21:00:00,HB_NORTH,31.06
2025-12-03 21:00:00,HB_HOUSTON,37.15
2025-12-03 21:00:00,HB_SOUTH,49.44
2025-12-03 22:00:00,HB_HOUSTON,29.87
2025-12-03 22:00:00,HB_NORTH,27.95
2025-12-03 22:00:00,HB_SOUTH,40.95
2025-12-03 22:00:00,HB_WEST,25.55
2025-12-03 22:00:00,LZ_HOUSTON,30.05
2025-12-03 22:00:00,LZ_NORTH,26.89
2025-12-03 22:00:00,LZ_SOUTH,40.96
2025-12-03 22:00:00,LZ_WEST,48.4
2025-12-03 23:00:00,LZ_HOUSTON,30.23
2025-12-03 23:00:00,LZ_NORTH,28.93
2025-12-03 23:00:00,LZ_SOUTH,40.01
2025-12-03 23:00:00,HB_WEST,24.45
2025-12-03 23:00:00,LZ_WEST,45.24
2025-12-03 23:00:00,HB_NORTH,30.61
2025-12-03 23:00:00,HB_HOUSTON,30.18
2025-12-03 23:00:00,HB_SOUTH,40.02
2025-12-04 00:00:00,HB_SOUTH,37.24
2025-12-04 00:00:00,HB_WEST,23.8
2025-12-04 00:00:00,HB_NORTH,28.41
2025-12-04 00:00:00,LZ_SOUTH,37.26
2025-12-04 00:00:00,LZ_HOUSTON,29.38
2025-12-04 00:00:00,LZ_WEST,46.71
2025-12-04 00:00:00,HB_HOUSTON,29.27
2025-12-04 00:00:00,LZ_NORTH,26.62
2025-12-04 01:00:00,HB_NORTH,22.41
2025-12-04 01:00:00,HB_HOUSTON,24.37
2025-12-04 01:00:00,HB_SOUTH,29.21
2025-12-04 01:00:00,HB_WEST,24.94
2025-12-04 01:00:00,LZ_HOUSTON,24.58
2025-12-04 01:00:00,LZ_NORTH,20.95
2025-12-04 01:00:00,LZ_SOUTH,29.63
2025-12-04 01:00:00,LZ_WEST,49.67
2025-12-04 02:00:00,LZ_WEST,48.41
2025-12-04 02:00:00,LZ_NORTH,21.49
2025-12-04 02:00:00,LZ_HOUSTON,24.39
2025-12-04 02:00:00,LZ_SOUTH,28.54
2025-12-04 02:00:00,HB_SOUTH,27.98
2025-12-04 02:00:00,HB_NORTH,23.02
2025-12-04 02:00:00,HB_HOUSTON,24.24
2025-12-04 02:00:00,HB_WEST,25.13
2025-12-04 03:00:00,HB_HOUSTON,24.46
2025-12-04 03:00:00,HB_NORTH,23.86
2025-12-04 03:00:00,HB_SOUTH,27.2
2025-12-04 03:00:00,HB_WEST,25.04
2025-12-04 03:00:00,LZ_HOUSTON,24.57
2025-12-04 03:00:00,LZ_NORTH,22.42
2025-12-04 03:00:00,LZ_SOUTH,27.79
2025-12-04 03:00:00,LZ_WEST,45.36
2025-12-04 04:00:00,LZ_NORTH,23.13
2025-12-04 04:00:00,LZ_WEST,44.52
2025-12-04 04:00:00,LZ_SOUTH,27.94
2025-12-04 04:00:00,LZ_HOUSTON,24.87
2025-12-04 04:00:00,HB_SOUTH,27.23
2025-12-04 04:00:00,HB_NORTH,24.36
2025-12-04 04:00:00,HB_HOUSTON,24.79
2025-12-04 04:00:00,HB_WEST,25.87
2025-12-04 05:00:00,LZ_SOUTH,29.18
2025-12-04 05:00:00,HB_HOUSTON,24.74
2025-12-04 05:00:00,HB_NORTH,23.87
2025-12-04 05:00:00,HB_SOUTH,28.05
2025-12-04 05:00:00,HB_WEST,27.7
2025-12-04 05:00:00,LZ_HOUSTON,24.86
2025-12-04 05:00:00,LZ_NORTH,23.09
2025-12-04 05:00:00,LZ_WEST,44.85
2025-12-04 06:00:00,LZ_SOUTH,34.32
2025-12-04 06:00:00,LZ_NORTH,28.66
2025-12-04 06:00:00,LZ_HOUSTON,29.52
2025-12-04 06:00:00,HB_HOUSTON,29.45
2025-12-04 06:00:00,HB_SOUTH,33.02
2025-12-04 06:00:00,HB_NORTH,28.93
2025-12-04 06:00:00,LZ_WEST,49.71
2025-12-04 06:00:00,HB_WEST,34.74
2025-12-04 07:00:00,LZ_SOUTH,42.15
2025-12-04 07:00:00,LZ_NORTH,31.99
2025-12-04 07:00:00,LZ_WEST,48.86
2025-12-04 07:00:00,LZ_HOUSTON,34.31
2025-12-04 07:00:00,HB_HOUSTON,34.08
2025-12-04 07:00:00,HB_SOUTH,41.06
2025-12-04 07:00:00,HB_NORTH,31.9
2025-12-04 07:00:00,HB_WEST,38.06
2025-12-04 08:00:00,HB_HOUSTON,36.96
2025-12-04 08:00:00,HB_NORTH,37.48
2025-12-04 08:00:00,HB_SOUTH,45.85
2025-12-04 08:00:00,HB_WEST,43.44
2025-12-04 08:00:00,LZ_HOUSTON,37.02
2025-12-04 08:00:00,LZ_NORTH,37.58
2025-12-04 08:00:00,LZ_SOUTH,46.24
2025-12-04 08:00:00,LZ_WEST,52.94
2025-12-04 09:00:00,LZ_WEST,53.59
2025-12-04 09:00:00,LZ_SOUTH,51.72
2025-12-04 09:00:00,LZ_NORTH,43.7
2025-12-04 09:00:00,LZ_HOUSTON,40.75
2025-12-04 09:00:00,HB_HOUSTON,40.83
2025-12-04 09:00:00,HB_SOUTH,50.25
2025-12-04 09:00:00,HB_NORTH,43.4
2025-12-04 09:00:00,HB_WEST,47.59
2025-12-04 10:00:00,LZ_WEST,62.81
2025-12-04 10:00:00,LZ_SOUTH,60.68
2025-12-04 10:00:00,LZ_NORTH,53.99
2025-12-04 10:00:00,LZ_HOUSTON,47.81
2025-12-04 10:00:00,HB_SOUTH,59.11
2025-12-04 10:00:00,HB_NORTH,53.33
2025-12-04 10:00:00,HB_HOUSTON,48.08
2025-12-04 10:00:00,HB_WEST,57.45
2025-12-04 11:00:00,LZ_WEST,58.21
2025-12-04 11:00:00,LZ_NORTH,51.39
2025-12-04 11:00:00,LZ_HOUSTON,45.72
2025-12-04 11:00:00,LZ_SOUTH,58.57
2025-12-04 11:00:00,HB_SOUTH,57.39
2025-12-04 11:00:00,HB_NORTH,50.54
2025-12-04 11:00:00,HB_HOUSTON,45.9
2025-12-04 11:00:00,HB_WEST,54.45
2025-12-04 12:00:00,LZ_SOUTH,59.57
2025-12-04 12:00:00,HB_HOUSTON,48.04
2025-12-04 12:00:00,HB_NORTH,55.14
2025-12-04 12:00:00,HB_SOUTH,59.21
2025-12-04 12:00:00,HB_WEST,58.65
2025-12-04 12:00:00,LZ_HOUSTON,47.71
2025-12-04 12:00:00,LZ_NORTH,56.11
2025-12-04 12:00:00,LZ_WEST,61.67
2025-12-04 13:00:00,HB_HOUSTON,48.48
2025-12-04 13:00:00,HB_SOUTH,58.5
2025-12-04 13:00:00,HB_WEST,59.61
2025-12-04 13:00:00,LZ_HOUSTON,48.21
2025-12-04 13:00:00,LZ_NORTH,57.0
2025-12-04 13:00:00,LZ_SOUTH,56.89
2025-12-04 13:00:00,LZ_WEST,62.89
2025-12-04 13:00:00,HB_NORTH,54.89
2025-12-04 14:00:00,LZ_WEST,64.59
2025-12-04 14:00:00,LZ_NORTH,58.28
2025-12-04 14:00:00,LZ_HOUSTON,46.58
2025-12-04 14:00:00,LZ_SOUTH,53.04
2025-12-04 14:00:00,HB_SOUTH,58.61
2025-12-04 14:00:00,HB_NORTH,56.47
2025-12-04 14:00:00,HB_HOUSTON,46.98
2025-12-04 14:00:00,HB_WEST,61.55
2025-12-04 15:00:00,HB_HOUSTON,47.2
2025-12-04 15:00:00,HB_NORTH,58.16
2025-12-04 15:00:00,HB_SOUTH,58.71
2025-12-04 15:00:00,HB_WEST,64.01
2025-12-04 15:00:00,LZ_HOUSTON,46.77
2025-12-04 15:00:00,LZ_NORTH,58.97
2025-12-04 15:00:00,LZ_SOUTH,48.58
2025-12-04 15:00:00,LZ_WEST,67.45
2025-12-04 16:00:00,LZ_SOUTH,51.25
2025-12-04 16:00:00,LZ_WEST,81.48
2025-12-04 16:00:00,LZ_NORTH,69.51
2025-12-04 16:00:00,HB_SOUTH,67.28
2025-12-04 16:00:00,HB_WEST,76.71
2025-12-04 16:00:00,HB_HOUSTON,51.46
2025-12-04 16:00:00,HB_NORTH,68.41
2025-12-04 16:00:00,LZ_HOUSTON,50.78
2025-12-04 17:00:00,HB_HOUSTON,53.98
2025-12-04 17:00:00,HB_NORTH,76.26
2025-12-04 17:00:00,HB_SOUTH,78.6
2025-12-04 17:00:00,HB_WEST,89.15
2025-12-04 17:00:00,LZ_HOUSTON,53.07
2025-12-04 17:00:00,LZ_NORTH,79.03
2025-12-04 17:00:00,LZ_SOUTH,57.61
2025-12-04 17:00:00,LZ_WEST,95.12
2025-12-04 18:00:00,LZ_WEST,133.37
2025-12-04 18:00:00,LZ_SOUTH,78.92
2025-12-04 18:00:00,LZ_NORTH,105.51
2025-12-04 18:00:00,HB_HOUSTON,66.73
2025-12-04 18:00:00,HB_WEST,123.68
2025-12-04 18:00:00,HB_SOUTH,107.18
2025-12-04 18:00:00,HB_NORTH,102.42
2025-12-04 18:00:00,LZ_HOUSTON,65.3
2025-12-04 19:00:00,LZ_WEST,138.86
2025-12-04 19:00:00,LZ_SOUTH,74.87
2025-12-04 19:00:00,LZ_NORTH,104.49
2025-12-04 19:00:00,HB_NORTH,101.05
2025-12-04 19:00:00,HB_WEST,126.82
2025-12-04 19:00:00,HB_SOUTH,104.4
2025-12-04 19:00:00,HB_HOUSTON,59.82
2025-12-04 19:00:00,LZ_HOUSTON,58.03
2025-12-04 20:00:00,HB_HOUSTON,63.41
2025-12-04 20:00:00,HB_NORTH,106.64
2025-12-04 20:00:00,HB_SOUTH,117.45
2025-12-04 20:00:00,HB_WEST,132.7
2025-12-04 20:00:00,LZ_HOUSTON,61.53
2025-12-04 20:00:00,LZ_NORTH,110.14
2025-12-04 20:00:00,LZ_SOUTH,88.31
2025-12-04 20:00:00,LZ_WEST,145.43
2025-12-04 21:00:00,LZ_WEST,144.75
2025-12-04 21:00:00,LZ_SOUTH,91.39
2025-12-04 21:00:00,LZ_NORTH,106.55
2025-12-04 21:00:00,HB_HOUSTON,61.26
2025-12-04 21:00:00,HB_WEST,130.86
2025-12-04 21:00:00,HB_SOUTH,118.8
2025-12-04 21:00:00,HB_NORTH,103.05
2025-12-04 21:00:00,LZ_HOUSTON,59.38
2025-12-04 22:00:00,LZ_WEST,144.02
2025-12-04 22:00:00,LZ_SOUTH,93.97
2025-12-04 22:00:00,LZ_NORTH,101.62
2025-12-04 22:00:00,HB_SOUTH,116.9
2025-12-04 22:00:00,HB_WEST,128.42
2025-12-04 22:00:00,HB_NORTH,100.14
2025-12-04 22:00:00,HB_HOUSTON,59.93
2025-12-04 22:00:00,LZ_HOUSTON,58.14
2025-12-04 23:00:00,LZ_WEST,134.37
2025-12-04 23:00:00,LZ_NORTH,99.66
2025-12-04 23:00:00,LZ_HOUSTON,59.98
2025-12-04 23:00:00,LZ_SOUTH,92.59
2025-12-04 23:00:00,HB_SOUTH,112.88
2025-12-04 23:00:00,HB_NORTH,98.89
2025-12-04 23:00:00,HB_HOUSTON,61.71
2025-12-04 23:00:00,HB_WEST,121.73
2025-12-05 00:00:00,HB_HOUSTON,57.77
2025-12-05 00:00:00,HB_NORTH,79.94
2025-12-05 00:00:00,HB_SOUTH,86.29
2025-12-05 00:00:00,HB_WEST,101.25
2025-12-05 00:00:00,LZ_HOUSTON,56.67
2025-12-05 00:00:00,LZ_NORTH,80.38
2025-12-05 00:00:00,LZ_SOUTH,74.06
2025-12-05 00:00:00,LZ_WEST,113.72
